Watch	13.859038229382664	154	Style & Fashion\Jewelry:0.699336,Style & Fashion\Accessories:0.98255,Arts & Entertainment\Hobbies\Antiques & Collectables:0.704218,Style & Fashion\Accessories\Watches:0.999998
Clock	13.661756959245928	111	Electronics & Computing\Home Theater & TV:0.482863,Electronics & Computing:0.739759,Style & Fashion\Accessories\Watches:0.992751
Movement (clockwork)	3.8147333679468254	49	Arts & Entertainment\Hobbies\Antiques & Collectables:0.65621,Style & Fashion\Accessories\Watches:0.955517
Chronograph	3.7783818539839205	47	Sports\Motor Sports\Auto Racing:0.651,Style & Fashion\Accessories\Watches:0.923969
Pendulum	4.343800321932939	45	Style & Fashion\Accessories\Watches:0.566868
Escapement	4.111284704044136	45	Style & Fashion\Accessories\Watches:0.961283
Watchmaker	2.918553451441063	43	Health:0.52179,Style & Fashion\Accessories\Watches:0.99967,Style & Fashion\Fashion:0.696281,Style & Fashion:0.696281,Style & Fashion\Jewelry:0.651
Horology	4.1924079266782375	42	Electronics & Computing:0.651,Style & Fashion\Accessories\Watches:0.908723
Rolex	3.5008025391322777	40	Shopping\Luxury goods:0.651,Style & Fashion\Accessories\Watches:0.930553
Mechanical watch	3.2751574806695496	39	Electronics & Computing:0.686034,Shopping\Luxury goods:0.665393,Style & Fashion\Accessories\Watches:0.999916
Balance wheel	3.2596186456535388	37	Style & Fashion\Accessories\Watches:0.993171
Automatic watch	2.814186663951283	35	Style & Fashion\Accessories\Watches:0.91391
UTC offset	4.647758094266048	34	Style & Fashion\Accessories\Watches:0.10727
Mainspring	3.4197618904717886	32	Home & Garden\Kitchen and Dining:0.651,Style & Fashion\Accessories\Watches:0.870866
Omega SA	1.9109264432305537	31	Shopping\Luxury goods:0.651,Style & Fashion\Accessories\Watches:0.905798,Sports\Olympics:0.66728
Pocket watch	2.4573145254247057	31	Style & Fashion\Jewelry:0.451348,Style & Fashion\Beauty:0.651,Style & Fashion\Accessories\Watches:0.999989,Sciences\Engineering and Technology:0.665
Marine chronometer	3.476068782265172	31	Health\Health Conditions\AIDS/HIV:0.656804,Style & Fashion\Accessories\Watches:0.886396
Pendulum clock	3.5614914250651273	30	Style & Fashion\Beauty:0.651,Arts & Entertainment\Hobbies\Antiques & Collectables:0.651,Style & Fashion\Accessories\Watches:0.721606,Home & Garden:0.651
Patek Philippe & Co.	1.8779978651110232	30	Shopping\Luxury goods:0.651,Style & Fashion\Accessories\Watches:0.74864
The Swatch Group	2.307887752161101	29	Style & Fashion\Jewelry:0.651,Style & Fashion\Accessories\Watches:0.750432
Coordinated Universal Time	7.215987480393854	29	Style & Fashion\Accessories\Watches:0.326725
Complication (horology)	2.325828996435754	28	Style & Fashion\Accessories\Watches:0.999956,Sciences\Astronomy:0.651
Clock face	2.4183570353787918	25	Style & Fashion\Accessories\Watches:0.984533,Sports:0.651
ETA SA	1.6926797197369337	25	Law-Government-Politics:0.957491,Style & Fashion\Accessories\Watches:0.979521
Clockmaker	3.0337167197272175	24	Style & Fashion\Jewelry:0.651,Health:0.382459,Arts & Entertainment\Hobbies\Antiques & Collectables:0.960213,Style & Fashion\Accessories\Watches:0.973608
Clock tower	2.5606096777579483	23	Style & Fashion\Accessories\Watches:0.749808
Citizen Holdings	2.976816230096711	23	Sciences\Scientific Institutions:0.651,Electronics & Computing\Consumer Electronics:0.665,Style & Fashion\Accessories\Watches:0.711107
Striking clock	2.6497857523095436	23	Style & Fashion\Accessories\Watches:0.963665,Lifestyle\Religion and Belief:0.878199,Health\Health Conditions\A.D.D.:0.651
Verge escapement	1.824099315557458	22	Style & Fashion\Accessories\Watches:0.740704
Hamilton Watch Company	1.7712529000936916	21	Style & Fashion\Accessories\Watches:0.924037
Balance spring	1.9353525872912927	21	Home & Garden\Kitchen and Dining:0.651,Style & Fashion\Accessories\Watches:0.993227
Tourbillon	1.6213715456060211	21	Style & Fashion\Accessories\Watches:0.899385
Longines	1.0460228431185643	20	Shopping\Luxury goods:0.651,Style & Fashion\Accessories\Watches:0.910166,Sports:0.884552
Swiss Made	1.360584330414324	20	Business\Business Operations and Services:0.803252,Electronics & Computing\Software:0.852191,Style & Fashion\Accessories\Watches:1.0,Business\Energy & Utilities:0.871961,Lifestyle\Religion and Belief:0.72645,Food & Drink\Cooking & Recipes:0.661064,Style & Fashion\Jewelry:0.904177
Alarm clock	1.897248431046871	20	Electronics & Computing:0.615632,Electronics & Computing\Cell Phone & PDA:0.880947,Electronics & Computing\Electrical & Components\Bateries:0.885787,Health:0.476734,Style & Fashion\Accessories\Watches:0.985643
24-hour clock	3.437721425554979	19	Style & Fashion\Accessories\Watches:0.63873
List of watch manufacturers	1.0708273341091403	18	Automotive\Manufacturers\Porsche:0.651,Style & Fashion\Accessories\Watches:1.0
Crystal oscillator	2.1089113256854666	18	Electronics & Computing:0.78687,Electronics & Computing\Cell Phone & PDA:0.651,Style & Fashion\Accessories\Watches:0.932398
Lever escapement	1.4287757145778284	17	Home & Garden\Kitchen and Dining:0.651,Style & Fashion\Accessories\Watches:0.993422
Breitling SA	1.0562454165451058	17	Shopping\Luxury goods:0.651,Style & Fashion\Accessories\Watches:0.706528
Breguet (watch)	1.3949253494405325	17	Style & Fashion\Jewelry:0.661848,Shopping\Luxury goods:0.654504,Style & Fashion\Accessories\Watches:0.989544
12-hour clock	1.9433270135848484	17	Style & Fashion\Accessories\Watches:0.437425
Chronometer watch	1.8250593963225474	17	Electronics & Computing:0.790335,Style & Fashion\Accessories\Watches:0.998793,Sciences\Astronomy:0.736019
Radio clock	2.0510297688475467	17	Automotive\Manufacturers\Jeep:0.651,Electronics & Computing:0.704008,Style & Fashion\Accessories\Watches:0.896241
Bulova	1.3287206877157203	16	Shopping\Luxury goods:0.651,Style & Fashion\Accessories\Watches:0.730297
Water clock	2.9381978735752043	16	Pets & Animals\Aquariums:0.624477,Sciences\Earth science:0.648449,News\Weather:0.674332,Law-Government-Politics:0.651,Style & Fashion\Accessories\Watches:0.956721,Health\Nutrition:0.906932
Waltham Watch Company	1.5405546399997596	16	Style & Fashion\Accessories\Watches:0.804149
COSC	1.46387006812117	15	Style & Fashion\Accessories\Watches:0.904694
Vacheron Constantin	0.9619723159899197	15	Shopping\Luxury goods:0.662544,Style & Fashion\Accessories\Watches:0.878199
Jaeger-LeCoultre	0.7998585912460865	15	Shopping\Luxury goods:0.662544,Style & Fashion\Accessories\Watches:0.738233
Stopwatch	2.059071840065937	15	Electronics & Computing:0.556384,Careers\Resume Writing/Advice:0.651,Sports:0.894788,Electronics & Computing\Cell Phone & PDA:0.736306,Style & Fashion\Accessories\Watches:0.91838
Anchor escapement	1.441452901590699	15	Style & Fashion\Accessories\Watches:0.955278
Longcase clock	1.8052720818510044	15	Style & Fashion\Beauty:0.651,Arts & Entertainment\Hobbies\Antiques & Collectables:0.651,Style & Fashion\Accessories\Watches:0.794753
Manufacture d'horlogerie	0.9979601261624129	14	Style & Fashion\Accessories\Watches:0.975293
Diving watch	1.1534169036823654	13	Style & Fashion\Accessories\Watches:0.998608
Valjoux	1.1354307102064374	13	Style & Fashion\Accessories\Watches:0.816578
Fusee (horology)	1.2673164066960847	13	Arts & Entertainment\Hobbies\Antiques & Collectables:0.661342,Style & Fashion\Accessories\Watches:0.92687
Audemars Piguet	0.6328520665071816	13	Shopping\Luxury goods:0.667346,Style & Fashion\Accessories\Watches:0.697747
Repeater (horology)	1.0971897316704693	12	Electronics & Computing\Networking:0.205676,Style & Fashion\Accessories\Watches:0.85533
Société Suisse pour l'Industrie Horlogère	0.8913695601090902	11	Style & Fashion\Accessories\Watches:0.810743,Sports:0.651,Sports\Olympics:0.651
Mantel clock	1.192313484678503	11	Style & Fashion\Beauty:0.651,Style & Fashion\Accessories\Watches:0.920816
Poljot	1.3857714531633483	11	Sciences\Space Science:0.651,Style & Fashion\Accessories\Watches:0.891606
Turret clock	1.1657697894745063	11	Style & Fashion\Accessories\Watches:0.866454,Home & Garden:0.198323
24-hour analog dial	2.04294987116984	11	Style & Fashion\Accessories\Watches:0.748815
G-Shock	0.7528118891643228	11	Style & Fashion\Accessories\Watches:0.92052,Sports:0.651
Master clock	1.1625381512270236	10	Travel\Bus & Rail:0.678634,Law-Government-Politics:0.690565,Electronics & Computing:0.726358,Style & Fashion\Accessories\Watches:0.961611
Casio Wave Ceptor	0.9226456142531767	10	Law-Government-Politics:0.651,Electronics & Computing:0.502697,Arts & Entertainment\Radio:0.811092,Style & Fashion\Accessories\Watches:1.0
Blancpain	0.8391405824135796	10	Shopping\Luxury goods:0.651,Style & Fashion\Accessories\Watches:0.685126
Pulsar (watch)	0.8470419393251248	10	Style & Fashion\Accessories\Watches:0.919421,Sciences\Astronomy:0.220601
Panerai	0.6610032079248052	10	Shopping\Luxury goods:0.668172,Style & Fashion\Accessories\Watches:0.988662
Gallet & Co.	1.0734424764391506	10	Lifestyle\Dating:0.685,Shopping\Luxury goods:0.878199,Style & Fashion\Accessories\Watches:0.991262
Remontoire	0.9431449139158368	10	Style & Fashion\Accessories\Watches:0.729962
Quartz crisis	0.7616734419791897	10	Business\Energy & Utilities:0.271537,Style & Fashion\Accessories\Watches:0.9872
Raketa	1.2788539995302355	9	Style & Fashion\Clothing:0.668567,Style & Fashion\Accessories\Watches:0.878199,Style & Fashion\Fashion:0.695082
E. Howard & Co.	1.0064045696940964	9	Finance\Retirement & Pension:0.651,Style & Fashion\Accessories\Watches:0.975924
Westminster Quarters	1.0145371439389197	9	Style & Fashion\Accessories\Watches:0.133946
Elgin National Watch Company	0.8455078684613291	9	Style & Fashion\Accessories\Watches:0.651
Thomas Mudge (horologist)	0.877400962185486	8	Style & Fashion\Accessories\Watches:0.739857
Peter Henlein	0.9708700427782914	8	Shopping\Gifts & Special Event Items\Gifts:0.651,Style & Fashion\Accessories\Watches:0.968532,Style & Fashion\Fashion:0.896563,Style & Fashion:0.889963,Arts & Entertainment\Books and Literature:0.651,Style & Fashion\Clothing:0.919856
Junghans	0.9061198041714303	8	Style & Fashion\Accessories\Watches:0.738233
Salisbury cathedral clock	0.8902011541117025	8	Lifestyle\Dating:0.878199,Style & Fashion\Accessories\Watches:0.985901
Omega Speedmaster	0.8386227343439767	8	Sciences\Space Science:0.88039,Style & Fashion\Accessories\Watches:0.996297
Elinvar	0.9977379733451827	8	Health\Nutrition:0.518831,Sciences\Chemistry:0.71614,Style & Fashion\Accessories\Watches:0.978977
Water Resistant mark	0.6487674234024191	8	Health\Nutrition:0.694929,Style & Fashion\Accessories\Watches:0.988633,Health\Aging and Geriatrics:0.651,Home & Garden\Swimming pools and spa:0.686548
Double chronograph	0.8696674995781817	8	Style & Fashion\Accessories\Watches:0.799086
Clockwork	1.3579926892842782	8	Home & Garden\Kitchen and Dining:0.651,Style & Fashion:0.651,Style & Fashion\Accessories\Watches:0.770777,Style & Fashion\Fashion:0.651
Rolex Submariner	0.5802846433130148	7	Shopping\Luxury goods:0.651,Style & Fashion\Accessories\Watches:0.935263
Cuckoo clock	1.0420712990937606	7	Pets & Animals\Birds:0.301625,Style & Fashion\Accessories\Watches:0.619807
Corum (watchmakers)	0.576367144716035	7	Style & Fashion\Jewelry:0.878199,Shopping\Luxury goods:0.651,Style & Fashion\Accessories\Watches:0.882119,Sports\Baseball:0.4418
Franck Muller	0.5868989073126608	7	Arts & Entertainment\Pop Culture & Celebrity News:0.651,Shopping\Luxury goods:0.651,Style & Fashion\Accessories\Watches:0.963185
Bob (physics)	0.7491884660113656	7	Style & Fashion\Accessories\Watches:0.232132
Vostok watches	0.6991421940684034	7	Law-Government-Politics\Military:0.738002,Arts & Entertainment\Hobbies\Antiques & Collectables:0.695185,Style & Fashion\Accessories\Watches:0.999961
Eco-Drive	0.9895877478510876	7	Style & Fashion\Accessories\Watches:0.978286
Barrel (horology)	0.8153465068175406	7	Style & Fashion\Accessories\Watches:0.838755
Omega Marine Chronometer	0.5914480225797802	7	Electronics & Computing:0.741224,Electronics & Computing\Electrical & Components\Bateries:0.693129,Style & Fashion\Accessories\Watches:1.0,Style & Fashion\Fashion:0.711551,Style & Fashion:0.670373,Style & Fashion\Jewelry:0.999656,Negative\Firearms:0.956685
Movado	0.7430395159149246	7	Style & Fashion\Accessories\Watches:0.651
Tough Solar	0.41486918849389764	7	Style & Fashion\Accessories\Watches:0.967377
George Daniels (watchmaker)	0.530886072797288	6	Health:0.391465,Style & Fashion\Accessories\Watches:0.904994,Health\Health Conditions\A.D.D.:0.651
American Watchmakers-Clockmakers Institute	1.1231364697856836	6	Reference\Libraries & Museums\Libraries:0.883755,Business\Business Operations and Services:0.763341,Style & Fashion\Accessories\Watches:0.963435,Education\Continuing Education:0.651,Reference\Libraries & Museums\Museums:0.892509,Education:0.745792
Dollar watch	0.6708518098154475	6	Style & Fashion\Jewelry:0.651,Arts & Entertainment\Hobbies\Antiques & Collectables:0.685126,Style & Fashion\Accessories\Watches:0.999283
